version,created_date,status,architecture_name,short_name,essence,router_type,selection_type,differentiability,matrices_core,primitive_list,phase_basis,variant_logic,head_logic,script_path,readme_path,command_path,default_out_dir,run_name,dataset,epochs,train_limit,val_limit,dim,layers,blocks,steps,variants,params,train_loss,train_ce,train_acc,val_loss,val_acc,best_acc,best_epoch,write_gate_mean,update_norm_mean,class_read_div,slot_div,logit_norm,notes,next_action
v1,2026-06-17,smoke_done,SimpleButterflyMatrix,simple_butterfly_v1,"single state bank; all primitives computed; op_transition mixes primitives; all-slot class read",none,soft_op_matrix,full,"channel_butterfly;block_butterfly;low_rank;ctx_matrix;product_gate;phase_matrix;op_transition","channel_butterfly;block_butterfly;low_rank;ctx_matrix;product_gate;phase_matrix","extract->compare->suppress->aggregate",none,"class matrix attention over all slots",simple_butterfly_matrix/simple_butterfly_matrix.py,simple_butterfly_matrix/README.md,simple_butterfly_matrix/commands/run_smoke.sh,simple_butterfly_matrix/runs/smoke,smoke,synthetic,3,512,256,64,4,4,2,1,165602,2.212053507566452,2.1980836987495422,0.21484375,2.167178988456726,0.234375,0.234375,3,0.451854664,2.436890477,0.674989767,0.225573543,0.047222363,"baseline separate backbone/head; no hard router","run SpeechCommands; inspect class slot reads"
v2,2026-06-17,smoke_done,SoftMatrixTransport,soft_transport_v2,"parallel variants; primitive_flow matrix; variant_transport matrix; no top-k",none,soft_transport_matrix,full,"primitive_flow[P,P];variant_transport[V,V];variant_primitive_bias[V,P];phase_ctx;butterfly;low_rank;class_read","channel_butterfly;block_butterfly;low_rank;ctx_matrix;product_gate;phase_matrix","extract->compare->suppress->aggregate","soft VxV state transport","class matrix attention over all variant/block slots",simple_butterfly_matrix_v2/soft_matrix_transport.py,simple_butterfly_matrix_v2/README.md,simple_butterfly_matrix_v2/commands/run_smoke.sh,simple_butterfly_matrix_v2/runs/smoke,smoke,synthetic,3,512,256,64,4,4,2,3,231818,2.1737570762634277,2.1596177220344543,0.20703125,2.1143884658813477,0.21484375,0.21875,2,0.464150935,2.727138927,0.674992479,0.306928258,0.063487008,"fully soft matrix ecology; no top-k; class reads late variant/block slots","try longer synthetic 10ep or SpeechCommands short run"
v1_sc15,2026-06-17,run_done,SimpleButterflyMatrix,simple_butterfly_v1_speechcommands15,"v1 on SpeechCommands 12k/2k; learns to 52.8 then unstable; class head collapses mostly to L3 aggregate",none,soft_op_matrix,full,"channel_butterfly;block_butterfly;low_rank;ctx_matrix;product_gate;phase_matrix;op_transition","channel_butterfly;block_butterfly;low_rank;ctx_matrix;product_gate;phase_matrix","extract->compare->suppress->aggregate",none,"class matrix attention over all slots but mostly late aggregate",simple_butterfly_matrix/simple_butterfly_matrix.py,simple_butterfly_matrix/README.md,,simple_butterfly_matrix/runs/speechcommands_v1,speechcommands_v1,SpeechCommands,15,12000,2000,96,4,4,2,1,367586,1.2381170072555543,1.2220717871983846,0.5479166666666667,1.2412864360809326,0.5215,0.528,12,0.518861260,21.515462756,0.636897069,0.121004601,7.376444415,"best epoch 12; logit norm rises; class reads similar L3 slots; go/on/off/left unstable","test v2 soft transport on SpeechCommands; then v3 factorized shared low-rank basis"
v2_sc15,2026-06-17,run_done,SoftMatrixTransport,soft_transport_v2_speechcommands15,"v2 on SpeechCommands 12k/2k; better philosophy with variants/transport; same late aggregate class collapse",none,soft_transport_matrix,full,"primitive_flow[P,P];variant_transport[V,V];variant_primitive_bias[V,P];phase_ctx;butterfly;low_rank;class_read","channel_butterfly;block_butterfly;low_rank;ctx_matrix;product_gate;phase_matrix","extract->compare->suppress->aggregate","soft VxV state transport","class matrix attention over all variant/block slots but mostly late aggregate",simple_butterfly_matrix_v2/soft_matrix_transport.py,simple_butterfly_matrix_v2/README.md,,simple_butterfly_matrix_v2/runs/speechcommands_v2,speechcommands_v2,SpeechCommands,15,12000,2000,96,4,4,2,3,231818,1.2586670796076456,1.2427860171000162,0.5405833333333333,1.3547127933502197,0.493,0.531,14,0.491956930,6.407321632,0.630670817,0.096438648,7.589159467,"best epoch 14; final overfits/drops; class reads late L3 aggregate variant slots","build v3 ClassMatrix head with phase read and pair repair"
v3,2026-06-17,smoke_done,ClassMatrixTransport,class_matrix_transport_v3,"v2 soft transport backbone plus ClassMatrix/ClassPairMatrix head with phase read matrix",none,soft_class_phase_matrix,full,"primitive_flow[P,P];variant_transport[V,V];class_phase_logits[C,phase];phase_slot_matrix[phase,slot];class_pair_logits[C,pair];class_update","channel_butterfly;block_butterfly;low_rank;ctx_matrix;product_gate;phase_matrix;class_pair_repair","extract->compare->suppress->aggregate","soft VxV state transport","ClassMatrix[C,D] reads all phases; ClassPairMatrix[P,D] repairs confusions",simple_butterfly_matrix_v3/class_matrix_transport.py,simple_butterfly_matrix_v3/README.md,simple_butterfly_matrix_v3/commands/run_smoke.sh,simple_butterfly_matrix_v3/runs/smoke_fixed,smoke_fixed,synthetic,3,512,256,64,4,4,2,3,299253,2.076045036315918,2.050373077392578,0.306640625,1.979358196258545,0.30078125,0.30078125,3,0.463025261,2.697575852,0.709078297,0.387004085,0.114175503,"phase mass balanced: input .163 extract .207 compare .213 suppress .215 aggregate .202; no late aggregate collapse in smoke","run SpeechCommands v3"
dataset_v3,2026-06-17,smoke_done,NeuralMatrixProgramDatasetV3,nmpd_v3,AST code skeleton plus synthetic matrix-program dataset plus checkpoint matrix decode tool,none,soft_dataset_targets,full_for_model_targets,"operator_dictionary[D,D];W[D,D];step_mats[T,D,D];prefix_mats[T,D,D];read_hist;primitive_hist;transition_hist",Identity;Shift;Diff;Laplacian;Blur;DCT;PrefixMean;DistanceDecay;BlockAvg;DiagGate;LowRank;Graph;MinedAtoms,dataset_read_primitive_transition_write,none,baseline decoder only sanity check; target for future program-builder,neural_matrix_program_dataset_v3/neural_matrix_program_dataset_v3.py,neural_matrix_program_dataset_v3/README.md,neural_matrix_program_dataset_v3/commands/run_local_smoke.sh,neural_matrix_program_dataset_v3/runs/local_smoke,local_smoke,matrix_program_synthetic_from_our_architectures,2,108,20,16,2,2,2,,,3.3820,,,,,,2,,,,,,smoke: files=6 records=947 n=128 W=128x16x16 val_n=20 used_ops_f1=.788 read_kl=.858 prim_kl=.723 trans_kl=.702; no checkpoint decode,build v4 adapter: pretrain matrix program assembly then finetune SpeechCommands
dataset_v3_medium,2026-06-17,run_done,NeuralMatrixProgramDatasetV3,nmpd_v3_medium,medium CPU syntax-pretrain with auto-expanded primitives and pair-operation target,none,soft_dataset_targets,full_for_model_targets,"W[2048,32,32];step_mats[2048,8,32,32];prefix_mats[2048,8,32,32];read_hist;primitive_hist;transition_hist;primitive_transition_pair_hist[17,6,17]",31_operator_atoms;8_reads;17_primitives;6_transitions,dataset_read_primitive_transition_write,none,baseline decoder sanity check; not task model,neural_matrix_program_dataset_v3/neural_matrix_program_dataset_v3.py,neural_matrix_program_dataset_v3/RUNBOOK.md,neural_matrix_program_dataset_v3/commands/run_syntax_pretrain_cpu_medium.sh,neural_matrix_program_dataset_v3/runs/syntax_pretrain_cpu_medium,syntax_pretrain_cpu_medium,matrix_program_synthetic_from_our_architectures,8,1740,308,32,3,4,2,,,3.4358,,,,,,8,,,,,,auto primitives P=17 incl butterfly basis; used_ops_f1=.893; first_op_acc=.166; last_op_acc=.081; read_kl=.673; primitive_kl=.530; transition_kl=.248; pair_kl=5.032,run P40 pair-operation syntax pretrain then implement v4 transfer adapter
v3_sc15,2026-06-17,run_done,ClassMatrixTransport,class_matrix_transport_v3_speechcommands15,v3 on SpeechCommands; ClassMatrix/ClassPairMatrix head improved over v1/v2 and reached 57.25 best,none,soft_class_phase_matrix,full,"primitive_flow[P,P];variant_transport[V,V];class_phase_logits[C,phase];phase_slot_matrix[phase,slot];class_pair_logits[C,pair];class_update",channel_butterfly;block_butterfly;low_rank;ctx_matrix;product_gate;phase_matrix;class_pair_repair,input->extract->compare->suppress->aggregate,soft VxV state transport,ClassMatrix head with soft phase read and pair repair,simple_butterfly_matrix_v3/class_matrix_transport.py,simple_butterfly_matrix_v3/README.md,simple_butterfly_matrix_v3/commands/run_speechcommands.sh,simple_butterfly_matrix_v3/runs/speechcommands_v3,speechcommands_v3,SpeechCommands,15,12000,2000,96,4,4,2,3,299253,1.1944535242716472,1.168427573521932,0.5674166666666667,1.189022837638855,0.5725,0.5725,15,0.41090646386146545,0.11776690930128098,0.6420243622461955,0.178792183359464,4.543588124593099,phase_mean input=.080 extract=.110 compare=.153 suppress=.260 aggregate=.397; weak classes go=.25 no=.43 on=.47; aggregate near cap but not full collapse,run pair-operation syntax pretrain; continue from best.pt on P40 fp32
v3_sc_p40_continue,2026-06-17,run_done,ClassMatrixTransport,class_matrix_transport_v3_p40_continue,continued v3 best checkpoint on SpeechCommands with P40 fp32; reached 68.60 best,none,soft_class_phase_matrix,full,"primitive_flow[P,P];variant_transport[V,V];class_phase_logits[C,phase];phase_slot_matrix[phase,slot];class_pair_logits[C,pair];class_update",channel_butterfly;block_butterfly;low_rank;ctx_matrix;product_gate;phase_matrix;class_pair_repair,input->extract->compare->suppress->aggregate,soft VxV state transport,ClassMatrix head with soft phase read and pair repair,simple_butterfly_matrix_v3/class_matrix_transport.py,simple_butterfly_matrix_v3/README.md,simple_butterfly_matrix_v3/commands/run_speechcommands_p40_continue.sh,simple_butterfly_matrix_v3/runs/speechcommands_v3_p40_continue,speechcommands_v3_p40_continue,SpeechCommands,20,12000,2000,96,4,4,2,3,299253,0.7859803385734558,0.7422217949231465,0.7286666666666667,0.8943553314208984,0.686,0.686,20,0.43924757838249207,0.3038213849067688,0.6393824785550435,0.18882837784290313,7.811312006632487,best at final epoch; class acc yes=.865 no=.660 up=.710 down=.685 left=.530 right=.780 on=.675 off=.720 stop=.825 go=.410; phase aggregate=.669 means late shortcut returned,run pair-op syntax pretrain; then continue2 low_lr or balanced from best.pt
